0;0.0552632;0.404309
0.0009;0.181595;0.0657621
0.0029;0.060868;0.0140042
0.0058;0.0756475;0.0725958
0.0087;0.0590893;0.114059
0.0116;0.0767499;0.115036
0.0145;0.0695407;0.135539
0.0174;0.0886446;0.107818
0.0203;0.0894258;0.125887
0.0232;0.0853747;0.104952
0.0261;0.0864062;0.111069
0.029;0.0997302;0.0960388
0.0319;0.0928968;0.108175
0.0348;0.0973349;0.110521
0.0377;0.0989063;0.103254
0.0406;0.0955629;0.105209
0.0435;0.0995232;0.0989633
0.0464;0.0997548;0.111804
0.0493;0.0979105;0.112945
0.0522;0.0999779;0.112002
0.0551;0.0989434;0.114219
0.058;0.0988777;0.112793
0.0609;0.0986739;0.113254
0.0638;0.0999582;0.113901
0.0667;0.099858;0.114605
0.0696;0.0997256;0.115261
0.0725;0.0996885;0.11605
0.0754;0.0994198;0.117416
0.0783;0.0997489;0.122892
0.0812;0.0997489;0.120985
0.0841;0.0998832;0.111494
0.087;0.0999286;0.107194
0.0899;0.0998101;0.10382
0.0928;0.0996153;0.102836
0.0957;0.0997985;0.102411
0.0986;0.0999388;0.102815
0.1015;0.099827;0.103157
0.1044;0.0999908;0.103131
0.1073;0.0995089;0.103349
0.1102;0.099459;0.102837
0.1131;0.0999784;0.102971
0.116;0.0996594;0.103672
0.1189;0.0995345;0.10353
0.1218;0.0998824;0.103428
0.1247;0.0993832;0.103945
0.1276;0.0998955;0.103646
0.1305;0.0999605;0.104309
0.1334;0.0999385;0.104518
0.1363;0.0994522;0.104748
0.1392;0.0998444;0.104188
0.1421;0.0998199;0.10474
0.145;0.0998601;0.1048
0.1479;0.0999018;0.104824
0.1508;0.0994122;0.105096
0.1537;0.0998313;0.1044
0.1566;0.0996151;0.104919
0.1595;0.0997975;0.105327
0.1624;0.0998878;0.105207
0.1653;0.0999047;0.105875
0.1682;0.0995575;0.10605
0.1711;0.0999894;0.10553
0.174;0.0997967;0.106044
0.1769;0.0996362;0.105905
0.1798;0.0994883;0.105575
0.1827;0.0994225;0.105565
0.1856;0.0994731;0.105585
0.1885;0.0997054;0.105528
0.1914;0.0995554;0.105611
0.1943;0.0996454;0.106038
0.1972;0.0994809;0.105706
0.2001;0.0999206;0.105762
0.203;0.099891;0.10664
0.2059;0.0999498;0.10597
0.2088;0.0996616;0.106389
0.2117;0.0993797;0.106241
0.2146;0.0999518;0.105759
0.2175;0.0999899;0.106076
0.2204;0.0996341;0.106485
0.2233;0.099935;0.105979
0.2262;0.0997484;0.106162
0.2291;0.0996742;0.105851
0.232;0.0998375;0.105848
0.2349;0.0999765;0.106345
0.2378;0.0992773;0.10602
0.2407;0.0998249;0.105319
0.2436;0.0999493;0.105954
0.2465;0.0998223;0.105878
0.2494;0.0996769;0.105594
0.2523;0.0993458;0.105384
0.2552;0.0998862;0.105199
0.2581;0.0994491;0.105662
0.261;0.0994672;0.105255
0.2639;0.0996436;0.105196
0.2668;0.0992703;0.10515
0.2697;0.0993599;0.104983
0.2726;0.0999769;0.10477
0.2755;0.0998108;0.105368
0.2784;0.0993537;0.105145
0.2813;0.0996269;0.104881
0.2842;0.0993832;0.104952
0.2871;0.0992722;0.104633
0.29;0.0995898;0.104307
0.2929;0.0999484;0.104698
0.2958;0.0999966;0.10549
0.2987;0.0999403;0.105185
0.3016;0.0995556;0.10515
0.3045;0.0996793;0.104526
0.3074;0.0994065;0.104769
0.3103;0.0998492;0.104334
0.3132;0.0994225;0.104569
0.3161;0.0998122;0.104544
0.319;0.0992736;0.104492
0.3219;0.0999226;0.104174
0.3248;0.099167;0.104801
0.3277;0.0996337;0.104088
0.3306;0.0995032;0.104124
0.3335;0.0995954;0.104084
0.3364;0.0997593;0.103991
0.3393;0.0998246;0.104469
0.3422;0.0991315;0.10471
0.3451;0.0993118;0.103599
0.348;0.0992458;0.103978
0.3509;0.0999815;0.104073
0.3538;0.0994774;0.104529
0.3567;0.0996057;0.104074
0.3596;0.0995701;0.104209
0.3625;0.0997686;0.104232
0.3654;0.09932;0.103942
0.3683;0.099996;0.104161
0.3712;0.0993089;0.104276
0.3741;0.0998311;0.103812
0.377;0.0995642;0.1041
0.3799;0.0995541;0.103874
0.3828;0.0994699;0.104105
0.3857;0.0995227;0.104072
0.3886;0.0997698;0.104015
0.3915;0.0995071;0.103995
0.3944;0.0996732;0.104114
0.3973;0.0993804;0.10398
0.4002;0.0990756;0.104099
0.4031;0.0998089;0.10308
0.406;0.0997092;0.104125
0.4089;0.0999922;0.106748
0.4118;0.099925;0.116252
0.4147;0.0991286;0.12988
0.4176;0.0991208;0.111018
0.4205;0.0994598;0.107546
0.4234;0.0997915;0.11741
0.4263;0.0990902;0.119048
0.4292;0.0994299;0.111693
0.4321;0.0991882;0.111974
0.435;0.0994872;0.11311
0.4379;0.0993762;0.113285
0.4408;0.0995624;0.113326
0.4437;0.0990484;0.113802
0.4466;0.0997881;0.112217
0.4495;0.0996149;0.113248
0.4524;0.0993997;0.115001
0.4553;0.0998247;0.113499
0.4582;0.0994906;0.112883
0.4611;0.0995279;0.112718
0.464;0.0992401;0.112579
0.4669;0.099643;0.113243
0.4698;0.0999912;0.114005
0.4727;0.0996212;0.11431
0.4756;0.0990782;0.113822
0.4785;0.099238;0.112076
0.4814;0.0998193;0.111772
0.4843;0.0998358;0.112104
0.4872;0.0989183;0.112548
0.4901;0.0996192;0.111651
0.493;0.0997051;0.111701
0.4959;0.0995021;0.111414
0.4988;0.0987075;0.110829
0.5017;0.099337;0.110316
0.5046;0.0993815;0.110941
0.5075;0.0991415;0.11086
0.5104;0.0986883;0.110882
0.5133;0.0990932;0.110522
0.5162;0.0998488;0.110279
0.5191;0.0989991;0.110381
0.522;0.0995682;0.108374
0.5249;0.0987754;0.109374
0.527801;0.0996694;0.109254
0.530701;0.0999541;0.109499
0.533601;0.0987236;0.110233
0.536501;0.0995143;0.109423
0.539401;0.0992464;0.110041
0.542301;0.0995496;0.110364
0.545201;0.0994534;0.110074
0.548101;0.0994893;0.11005
0.551001;0.0989004;0.109949
0.553901;0.0986469;0.109511
0.556801;0.0998421;0.10933
0.559701;0.0987569;0.110218
0.562601;0.0996711;0.109761
0.565501;0.0999971;0.11008
0.568401;0.099035;0.110276
0.571301;0.0998413;0.108476
0.574201;0.0997;0.10908
0.577101;0.0998433;0.109602
0.580001;0.0990505;0.109543
0.582901;0.0998255;0.108896
0.585801;0.0992169;0.109826
0.588701;0.0996258;0.109413
0.591601;0.0994903;0.109436
0.594501;0.0984603;0.109634
0.597401;0.098554;0.108765
0.600301;0.0986898;0.108995
0.603201;0.0983103;0.108923
0.606101;0.0998081;0.108636
0.609001;0.0999534;0.11003
0.611901;0.0991348;0.11008
0.614801;0.0983399;0.109402
0.617701;0.0988533;0.108333
0.620601;0.0998906;0.108606
0.623501;0.0982639;0.109113
0.626401;0.0997729;0.107917
0.629301;0.0988838;0.109257
0.632201;0.099106;0.108558
0.635101;0.0987844;0.108649
0.638001;0.098269;0.108205
0.640901;0.0996279;0.107813
0.643801;0.099066;0.109505
0.646701;0.0999119;0.109962
0.649601;0.0996102;0.11441
0.652501;0.0992344;0.111992
0.655401;0.0988881;0.110317
0.658301;0.0996128;0.112488
0.661201;0.0989959;0.112355
0.664101;0.0981374;0.110347
0.667001;0.0981509;0.110616
0.669901;0.0991992;0.110975
0.672801;0.0988832;0.1121
0.675701;0.0996776;0.111722
0.678601;0.0990986;0.111233
0.681501;0.0989578;0.111612
0.684401;0.0995135;0.111335
0.687301;0.098623;0.111739
0.690201;0.0980432;0.110923
0.693101;0.0985853;0.110893
0.696001;0.0991959;0.11191
0.698901;0.0985932;0.113379
0.701801;0.0983594;0.112249
0.704701;0.0993093;0.112138
0.707601;0.0988724;0.112165
0.710501;0.0992296;0.112372
0.713401;0.0979612;0.111475
0.716301;0.0993701;0.110663
0.719201;0.0995289;0.113263
0.722101;0.0981448;0.11376
0.725001;0.0989342;0.110438
0.727901;0.09815;0.111301
0.730801;0.0989807;0.110866
0.733701;0.0991426;0.111446
0.736601;0.0995181;0.111753
0.739501;0.0980275;0.11303
0.742401;0.0980797;0.111086
0.745301;0.0996072;0.1105
0.748201;0.0981029;0.112961
0.751101;0.099901;0.112164
0.754001;0.0995659;0.112574
0.756901;0.0982809;0.111691
0.759801;0.0992291;0.111312
0.762701;0.097844;0.112858
0.765601;0.0987566;0.111287
0.768501;0.0978074;0.112524
0.771401;0.0988228;0.111084
0.774301;0.0995215;0.111161
0.777201;0.0978626;0.112953
0.780101;0.0983384;0.111482
0.783001;0.0988247;0.111706
0.785901;0.0985635;0.111917
0.788801;0.0980439;0.111995
0.791701;0.0989614;0.111306
0.794601;0.0994205;0.11217
0.797501;0.098375;0.112968
0.800401;0.0993588;0.112359
0.803301;0.0988161;0.113594
0.806201;0.0997941;0.113482
0.809101;0.0999291;0.114877
0.812001;0.0976704;0.113634
0.814901;0.0976828;0.111798
0.817801;0.0989028;0.111842
0.820701;0.099986;0.112628
0.823601;0.0981406;0.114418
0.826501;0.0978296;0.112302
0.829401;0.0982843;0.111185
0.832301;0.0985108;0.11136
0.835201;0.09868;0.112353
0.838101;0.097856;0.113067
0.841001;0.0978291;0.112679
0.843901;0.0997665;0.112167
0.846801;0.0986711;0.113292
0.849701;0.0973882;0.112825
0.852601;0.0993418;0.112388
0.855501;0.0977191;0.113152
0.858401;0.0984996;0.112428
0.861301;0.0998946;0.112865
0.864201;0.0974183;0.113869
0.867101;0.0974388;0.112552
0.870001;0.0986039;0.113061
0.872901;0.0992668;0.113946
0.875801;0.0990086;0.113641
0.878701;0.0984613;0.113713
0.881601;0.0981434;0.112919
0.884501;0.0977162;0.112271
0.887401;0.0994089;0.111731
0.890301;0.0991048;0.113744
0.893201;0.0983561;0.113961
0.896101;0.0994317;0.113316
0.899001;0.0976017;0.114842
0.901901;0.0994741;0.113443
0.904801;0.0987371;0.115094
0.907701;0.0992842;0.113758
0.910601;0.0972065;0.114195
0.913501;0.0979502;0.112403
0.916401;0.099604;0.113444
0.919301;0.0972644;0.115636
0.922201;0.0972154;0.113224
0.925101;0.0979087;0.112944
0.928001;0.0989529;0.114365
0.930901;0.0969557;0.115255
0.933801;0.0997743;0.112503
0.936701;0.0999589;0.115308
0.939601;0.0996014;0.11606
0.942501;0.0978151;0.115597
0.945401;0.0974498;0.114432
0.948301;0.0974983;0.113619
0.951201;0.0967655;0.113428
0.954101;0.0992565;0.113229
0.957001;0.0988715;0.115638
0.959901;0.0973313;0.115409
0.962801;0.0991158;0.114059
0.965701;0.0980144;0.115587
0.968601;0.0996359;0.114748
0.971501;0.0979666;0.116617
0.974401;0.0989626;0.115114
0.977301;0.096949;0.115924
0.980201;0.0980056;0.114054
0.983101;0.0997258;0.114984
0.986001;0.0978211;0.117009
0.988901;0.0989285;0.115423
0.991801;0.0997563;0.116805
0.994701;0.096507;0.117895
0.997601;0.09728;0.114519
1.0005;0.0992482;0.115357
1.0034;0.0999432;0.117409
1.0063;0.0968339;0.118732
1.0092;0.0974901;0.116722
1.0121;0.0986049;0.116753
1.015;0.0993628;0.117546
1.0179;0.0965448;0.118512
1.0208;0.0971857;0.11587
1.0237;0.0986254;0.116522
1.0266;0.096888;0.118713
1.0295;0.0983806;0.117977
1.0324;0.0996171;0.119881
1.0353;0.0967574;0.121502
1.0382;0.098652;0.119489
1.0411;0.0969526;0.120879
1.044;0.0987717;0.118864
1.0469;0.0970173;0.119992
1.0498;0.0998599;0.118441
1.0527;0.0986771;0.120738
1.0556;0.0961819;0.118759
1.0585;0.0991418;0.117108
1.0614;0.0970913;0.120253
1.0643;0.0992263;0.118709
1.0672;0.0985931;0.120758
1.0701;0.0971174;0.118865
1.073;0.0993576;0.117367
1.0759;0.0975647;0.120094
1.0788;0.0972025;0.120155
1.0817;0.0975332;0.119891
1.0846;0.0971979;0.118968
1.0875;0.0969421;0.118907
1.0904;0.096499;0.117655
1.0933;0.0964432;0.11645
1.0962;0.0984919;0.115897
1.0991;0.0978482;0.118283
1.102;0.0973163;0.118166
1.1049;0.098161;0.116274
1.1078;0.0992786;0.117805
1.1107;0.0971488;0.12054
1.1136;0.0982563;0.118226
1.1165;0.0998727;0.118134
1.1194;0.0975506;0.119803
1.1223;0.0978492;0.116901
1.1252;0.0999392;0.122655
1.1281;0.0963584;0.121186
1.131;0.0965311;0.117039
1.1339;0.0979331;0.116485
1.1368;0.098983;0.117771
1.1397;0.0985517;0.118119
1.1426;0.0979743;0.117111
1.1455;0.0981092;0.116421
1.14686;0.0973939;0.116194
1.14724;0.0966689;0.115899
1.14733;0.0971293;0.115334
1.14735;0.096595;0.115379
1.14737;0.0969536;0.114897
1.14738;0.0963907;0.114837
1.14739;0.0963695;0.114099
1.1474;0.0959047;0.113891
1.14742;0.0996604;0.114538
1.14744;0.0989281;0.119712
1.14745;0.0968672;0.119194
1.14747;0.0965699;0.117903
1.14749;0.0965766;0.117673
1.72132e-05;0.0970992;0.116467
0.000386084;0.0972715;0.117313
0.000832443;0.0975308;0.117065
0.00133907;0.0976967;0.117058
0.0019056;0.0972913;0.115767
0.00251566;0.096858;0.115445
0.00322529;0.0960777;0.114626
0.00409005;0.095827;0.114218
0.00509943;0.0998985;0.11298
0.00623792;0.0983162;0.11649
0.00740677;0.0963058;0.115439
0.00857614;0.0992682;0.112929
0.00974547;0.0975323;0.115108
0.0109147;0.0959888;0.112999
0.0120839;0.0989821;0.110829
0.0132529;0.0968372;0.113466
0.0144219;0.0998902;0.111918
0.0155923;0.0983386;0.114908
0.0167637;0.0963805;0.113337
0.0179361;0.0987282;0.11101
0.0191085;0.0974735;0.113424
0.0202809;0.0959455;0.11214
0.0214533;0.0992129;0.110713
0.0226258;0.0979157;0.113475
0.0237982;0.096336;0.11271
0.0249707;0.0997631;0.110971
0.0261432;0.0992286;0.11447
0.0273356;0.0986404;0.114827
0.0285679;0.0993206;0.116195
0.0298002;0.0997489;0.115711
0.0310794;0.0962655;0.115773
0.0323654;0.0976725;0.112501
0.033618;0.0989075;0.112628
0.0348717;0.099799;0.113993
0.0361284;0.0993098;0.114751
0.0373884;0.0983418;0.113958
0.0386511;0.0979261;0.112574
0.039916;0.0981332;0.111473
0.0411826;0.0977653;0.110846
0.0424503;0.0981146;0.110867
0.043719;0.0983769;0.11096
0.0449885;0.0982204;0.111126
0.0462589;0.0977892;0.110637
0.0475301;0.0977452;0.110216
0.0488021;0.0977068;0.110099
0.0500749;0.0978505;0.109923
0.0513486;0.0984482;0.110439
0.0526231;0.0983622;0.110622
0.0538984;0.0982617;0.11093
0.0551745;0.0987961;0.111575
0.0564514;0.0990125;0.113372
0.0577292;0.0993664;0.113545
0.0590077;0.0996584;0.113554
0.060287;0.098961;0.112989
0.0615672;0.0984031;0.11275
0.0628481;0.0977271;0.111417
0.0641298;0.0972576;0.110619
0.0654123;0.096768;0.109562
0.0666956;0.0963458;0.108409
0.0679797;0.09638;0.107664
0.0692645;0.096701;0.107556
0.0705502;0.0971493;0.107933
0.0718366;0.0972961;0.108037
0.0731237;0.0969238;0.107844
0.0744116;0.0969841;0.107295
0.0757003;0.0970186;0.10713
0.0769897;0.0969253;0.106884
0.0782799;0.0998778;0.106455
0.0795708;0.0981222;0.10942
0.0808625;0.0960682;0.107793
0.0821549;0.098865;0.105442
0.083448;0.0972372;0.107867
0.0847419;0.0995598;0.106516
0.0860364;0.0966702;0.10838
0.0873317;0.0982963;0.105597
0.0886278;0.0961537;0.106741
0.0899245;0.0987582;0.104616
0.091222;0.0967887;0.106797
0.0925201;0.0994576;0.104885
0.093819;0.0976975;0.107199
0.0951185;0.0959056;0.105718
0.0964188;0.0985285;0.103679
0.0977197;0.0968148;0.106065
0.0990213;0.0990588;0.104446
0.100324;0.0973121;0.106852
0.101627;0.0995661;0.105012
0.10293;0.0976101;0.106603
0.104235;0.0997374;0.105107
0.105539;0.0973877;0.106959
0.106845;0.0994711;0.104738
0.108151;0.0973882;0.106711
0.109458;0.0995766;0.10488
0.110766;0.0972102;0.106421
0.112074;0.0992318;0.104558
0.113383;0.097385;0.106667
0.114692;0.0996457;0.105105
0.116002;0.0980788;0.10686
0.117313;0.0966947;0.105603
0.118624;0.0998648;0.104329
0.119936;0.0988178;0.107782
0.121249;0.0972268;0.10668
0.122562;0.0963791;0.105067
0.123876;0.0965662;0.104588
0.12519;0.0968344;0.104382
0.126505;0.0973163;0.104829
0.12782;0.0977442;0.105463
0.129136;0.0970467;0.105041
0.130453;0.0973203;0.104641
0.13177;0.0980044;0.105051
0.133088;0.0981275;0.105492
0.134406;0.0988001;0.106006
0.135725;0.0992757;0.106453
0.137044;0.0992176;0.106779
0.138364;0.0987455;0.106425
0.139684;0.0985597;0.106033
0.141005;0.0986813;0.105821
0.142327;0.0985145;0.105753
0.143649;0.0982235;0.105561
0.144971;0.0979757;0.105131
0.146294;0.0977348;0.104687
0.147618;0.097539;0.104343
0.148942;0.097762;0.104085
0.150266;0.097775;0.104019
0.151591;0.0975792;0.104124
0.152916;0.097752;0.104001
0.154242;0.0980264;0.104155
0.155568;0.0977844;0.103953
0.156895;0.0979937;0.103964
0.158222;0.0978486;0.103834
0.15955;0.0982223;0.103784
0.160878;0.0980599;0.103912
0.162207;0.0978842;0.103639
0.163536;0.0978637;0.103388
0.164865;0.0978194;0.103093
0.166195;0.0975311;0.102845
0.167525;0.0971973;0.102523
0.168856;0.0970969;0.102305
0.170187;0.0973549;0.102383
0.171518;0.0974228;0.102333
0.17285;0.0974574;0.102498
0.174182;0.0977222;0.102488
0.175514;0.0975116;0.102415
0.176847;0.0977181;0.102514
0.178181;0.0975054;0.102503
0.179514;0.0975448;0.102304
0.180848;0.0975148;0.102068
0.182182;0.097612;0.101943
0.183517;0.0977817;0.101935
0.184852;0.0981086;0.102088
0.186187;0.0982064;0.102348
0.187523;0.0982616;0.102483
0.188859;0.0983568;0.102528
0.190195;0.0982789;0.102347
0.191531;0.0982795;0.102466
0.192868;0.0984304;0.102431
0.194205;0.0988635;0.102602
0.195542;0.0988176;0.102805
0.19688;0.0992784;0.103163
0.198218;0.0994151;0.103312
0.199556;0.099503;0.10356
0.200894;0.0994343;0.103563
0.202233;0.0995129;0.103386
0.203572;0.0995027;0.103364
0.204911;0.0994501;0.103422
0.20625;0.0993151;0.103343
0.20759;0.0992312;0.103229
0.208929;0.0991144;0.102983
0.210269;0.0990023;0.102851
0.211609;0.0990214;0.10282
0.21295;0.0991549;0.102746
0.21429;0.0992891;0.102779
0.215631;0.0995315;0.102971
0.216972;0.0994249;0.103193
0.218313;0.0997534;0.103234
0.219654;0.0996265;0.103299
0.220995;0.0997882;0.103376
0.222337;0.0999533;0.103495
0.223678;0.0964984;0.103524
0.22502;0.0972938;0.100419
0.226362;0.0982882;0.100675
0.227704;0.0990595;0.101665
0.229046;0.0997613;0.102613
0.230388;0.0967776;0.103283
0.23173;0.0979725;0.100619
0.233073;0.0988794;0.101164
0.234415;0.0999374;0.102396
0.235757;0.0966153;0.103249
0.2371;0.0973956;0.100419
0.238443;0.0984258;0.100721
0.239785;0.0993518;0.101683
0.241128;0.0999789;0.102632
0.242471;0.0969616;0.103331
0.243814;0.0978822;0.100522
0.245156;0.0988469;0.10094
0.246499;0.0995772;0.101977
0.247842;0.0967639;0.10276
0.249185;0.097854;0.100195
0.250528;0.0990726;0.100847
0.251871;0.0967326;0.10223
0.253213;0.0981156;0.100275
0.254556;0.0992401;0.101045
0.255899;0.0968191;0.102491
0.257242;0.0979894;0.100256
0.258584;0.099199;0.100987
0.259927;0.0966333;0.102129
0.26127;0.09792;0.0998607
0.262612;0.0990774;0.100576
0.263955;0.0966227;0.101793
0.265297;0.0979169;0.0996725
0.266639;0.0991954;0.10048
0.267982;0.0967059;0.101908
0.269324;0.0980148;0.0999021
0.270666;0.0991984;0.100638
0.272008;0.0969055;0.101892
0.273349;0.098274;0.100015
0.274691;0.0997723;0.100833
0.276032;0.0971317;0.102478
0.277374;0.0982145;0.10044
0.278715;0.0990997;0.100634
0.280056;0.0966137;0.101765
0.281397;0.0981106;0.0998012
0.282738;0.0992583;0.100581
0.284078;0.0970133;0.101997
0.285419;0.098505;0.100033
0.286759;0.0999442;0.100856
0.288099;0.0975214;0.102374
0.289439;0.0985548;0.100361
0.290778;0.0993993;0.100625
0.292118;0.0967956;0.101625
0.293457;0.0979214;0.0994561
0.294796;0.0989615;0.0999882
0.296135;0.0999252;0.101235
0.297473;0.0972944;0.102318
0.298811;0.0981983;0.0999287
0.300149;0.0992358;0.100342
0.301487;0.0969636;0.101611
0.302825;0.0982325;0.0997128
0.304162;0.0993484;0.100288
0.305499;0.0973562;0.101848
0.306835;0.0986731;0.100234
0.308172;0.0966673;0.10124
0.309508;0.098186;0.0994674
0.310843;0.0995804;0.100191
0.312179;0.0975615;0.101825
0.313514;0.0988782;0.100037
0.314849;0.0999079;0.100668
0.316183;0.0973753;0.101885
0.317517;0.0985979;0.0999562
0.318851;0.0996589;0.100659
0.320185;0.0973049;0.101875
0.321518;0.0985457;0.0998553
0.32285;0.0997157;0.100491
0.324183;0.0976803;0.102006
0.325515;0.0990107;0.100162
0.326846;0.0970048;0.101023
0.328177;0.0985282;0.0994717
0.329508;0.0967196;0.10045
0.330839;0.0986232;0.0991848
0.332169;0.097053;0.10047
0.333498;0.0987769;0.0993143
0.334827;0.0972093;0.100555
0.336156;0.0988631;0.0994707
0.337484;0.0971406;0.100605
0.338812;0.0989062;0.099447
0.34014;0.0972271;0.100616
0.341467;0.0986845;0.0992983
0.342793;0.0969543;0.100322
0.344119;0.0986832;0.0990367
0.345445;0.0970813;0.100241
0.34677;0.0988006;0.0991822
0.348095;0.0970957;0.100489
0.349419;0.0986946;0.0992573
0.350743;0.0969154;0.100318
0.352066;0.0987706;0.0991646
0.353389;0.0972583;0.100427
0.354711;0.0991746;0.0993851
0.356033;0.0975311;0.100626
0.357354;0.0994122;0.09956
0.358674;0.0977616;0.100912
0.359995;0.0993217;0.0997059
0.361314;0.0975277;0.100756
0.362633;0.099043;0.0993984
0.363952;0.0973811;0.100409
0.36527;0.0994025;0.0994035
0.366587;0.0978889;0.100792
0.367904;0.0996099;0.0998086
0.36922;0.0978758;0.10101
0.370536;0.0994683;0.0997372
0.371851;0.0978358;0.100772
0.373166;0.0995831;0.0996826
0.37448;0.0980801;0.100901
0.375793;0.0997329;0.0999075
0.377106;0.0979784;0.101022
0.378418;0.0995098;0.0997936
0.37973;0.0978515;0.100745
0.381041;0.0994111;0.0995005
0.382351;0.0976966;0.100522
0.383661;0.0991749;0.099236
0.38497;0.0974422;0.100238
0.386278;0.0988416;0.0989694
0.387586;0.0970171;0.0998437
0.388894;0.0985556;0.0985403
0.3902;0.0970222;0.0995452
0.391506;0.0985966;0.0984098
0.392811;0.0970624;0.0995681
0.394116;0.0986558;0.0984695
0.39542;0.0970126;0.0995493
0.396723;0.0985218;0.0983846
0.398026;0.0969729;0.0994641
0.399328;0.0985541;0.0982792
0.400629;0.0970825;0.0994392
0.40193;0.098717;0.0983989
0.40323;0.0970538;0.0994954
0.404529;0.0985591;0.0984019
0.405827;0.0999695;0.0993327
0.407125;0.0981414;0.100999
0.408422;0.0990338;0.0994337
0.409719;0.0999366;0.0997404
0.411014;0.0978759;0.100943
0.412309;0.0985962;0.0990425
0.413603;0.0995586;0.099294
0.414897;0.0975172;0.100458
0.41619;0.0983552;0.0986521
0.417482;0.0993778;0.0989875
0.418773;0.0974503;0.100236
0.420063;0.0983676;0.0986054
0.421353;0.0993958;0.0989844
0.422642;0.0974329;0.100222
0.42393;0.0982684;0.0985128
0.425218;0.0992526;0.0988354
0.426505;0.0973091;0.100081
0.427791;0.0981782;0.0983896
0.429076;0.0992985;0.0988063
0.43036;0.0974088;0.100112
0.431644;0.098274;0.0984944
0.432927;0.0992725;0.0988406
0.434209;0.0972936;0.100054
0.43549;0.098098;0.0983207
0.436771;0.0990728;0.0985642
0.43805;0.0971465;0.0997775
0.439329;0.0980937;0.0981847
0.440607;0.0991547;0.0985424
0.441885;0.0972491;0.0998281
0.443161;0.0980829;0.098214
0.444437;0.0990951;0.0985399
0.445712;0.0971581;0.0997839
0.446986;0.0980186;0.0981377
0.448259;0.0990605;0.0984364
0.449531;0.0971377;0.0996986
0.450803;0.0980516;0.0981193
0.452074;0.0990924;0.0984362
0.453344;0.0971906;0.0996995
0.454613;0.0979708;0.0980568
0.455881;0.0989669;0.0983442
0.457148;0.0970524;0.0995781
0.458415;0.0978701;0.0979508
0.459681;0.098815;0.0981798
0.460945;0.0969327;0.0994101
0.462209;0.0976923;0.0977175
0.463472;0.0987136;0.0980062
0.464735;0.0999152;0.0992805
0.465996;0.0975368;0.10048
0.467257;0.0977604;0.0983359
0.468516;0.098366;0.0980913
0.469775;0.0993004;0.0988892
0.471033;0.0969008;0.099837
0.47229;0.0972406;0.0977067
0.473546;0.0979982;0.0975336
0.474801;0.0991486;0.0984972
0.476056;0.0969595;0.0996733
0.477309;0.0974667;0.0977391
0.478562;0.0982898;0.0977136
0.479814;0.099479;0.0988276
0.481065;0.0972103;0.100019
0.482314;0.0975507;0.0979899
0.483564;0.0982644;0.0978369
0.484812;0.0993223;0.0987696
0.486059;0.0969782;0.0998242
0.487305;0.0973055;0.0977233
0.488551;0.0980231;0.0975401
0.489795;0.0991117;0.0984925
0.491039;0.0999173;0.0995996
0.492281;0.0971742;0.100407
0.493523;0.0971789;0.0979039
0.494764;0.0977799;0.0974048
0.496004;0.0989249;0.0982547
0.497243;0.0998426;0.0994182
0.498481;0.0971712;0.100327
0.499718;0.0971876;0.0978994
0.500955;0.0977522;0.0974109
0.50219;0.0988517;0.0982454
0.503424;0.0997044;0.0993422
0.504658;0.0969591;0.100163
0.50589;0.0969551;0.0976884
0.507122;0.0975193;0.097159
0.508353;0.0986162;0.0979718
0.509582;0.0994865;0.0990713
0.510811;0.0998977;0.0999105
0.512039;0.0998767;0.100275
0.513266;0.0996743;0.100294
0.514492;0.0993947;0.100081
0.515717;0.0991515;0.0997813
0.516941;0.0990247;0.0995616
0.518164;0.0990031;0.0994467
0.519386;0.0990122;0.0993956
0.520607;0.099047;0.0994126
0.521828;0.0990531;0.0994347
0.523047;0.0990246;0.0994354
0.524265;0.0989671;0.0994071
0.525483;0.098879;0.0993469
0.526699;0.0988178;0.099264
0.527915;0.0987722;0.0991888
0.529129;0.0987791;0.0991725
0.530343;0.0987294;0.0991073
0.531556;0.0987051;0.0990815
0.532767;0.0987033;0.099081
0.533978;0.0986551;0.0990334
0.535188;0.098601;0.0989871
0.536396;0.0985653;0.0989562
0.537604;0.0985163;0.0989231
0.538811;0.0984546;0.0988769
0.540017;0.0983541;0.0987834
0.541222;0.098301;0.0987265
0.542426;0.098248;0.098671
0.543628;0.0981765;0.09859
0.54483;0.0981495;0.0985484
0.546031;0.0981053;0.0984899
0.547231;0.0980691;0.098439
0.548431;0.0980529;0.0983963
0.549629;0.0980672;0.0984058
0.550826;0.0980771;0.0984108
0.552022;0.0980667;0.0984241
0.553217;0.0980423;0.0984153
0.554411;0.0980298;0.0984096
0.555604;0.0979807;0.0983674
0.556796;0.0979327;0.0983256
0.557988;0.0978782;0.0982755
0.559178;0.0978246;0.0982104
0.560367;0.0977649;0.0981418
0.561555;0.0977052;0.0980806
0.562743;0.0976812;0.0980565
0.563929;0.0976099;0.0979688
0.565114;0.097632;0.0979805
0.566299;0.0975746;0.0979134
0.567482;0.0975241;0.0978818
0.568664;0.097439;0.0978193
0.569846;0.0973771;0.0977587
0.571026;0.0973234;0.0976848
0.572206;0.0972695;0.0976098
0.573384;0.0972187;0.0975582
0.574561;0.0971842;0.0975276
0.575738;0.0971241;0.0974833
0.576913;0.0970288;0.0974065
0.578088;0.0969593;0.0973451
0.579261;0.0968747;0.0972477
0.580434;0.0968593;0.0972255
0.581605;0.0968219;0.0971927
0.582776;0.0967845;0.0971534
0.583946;0.0999578;0.0971172
0.585114;0.0998511;0.100071
0.586282;0.0988507;0.100461
0.587448;0.0973345;0.0991563
0.588614;0.0994631;0.0976636
0.589778;0.0989144;0.099575
0.590942;0.0978732;0.0994746
0.592105;0.099882;0.0982444
0.593266;0.099026;0.0999642
0.594427;0.0977626;0.0995813
0.595587;0.0996953;0.0981303
0.596745;0.0988651;0.0997945
0.597903;0.0976687;0.0994502
0.59906;0.0995936;0.0980234
0.600216;0.0987673;0.0997077
0.60137;0.0975405;0.09932
0.602524;0.0994819;0.0978722
0.603677;0.0986121;0.0995505
0.604829;0.0973599;0.0991652
0.605979;0.0992846;0.0977058
0.607129;0.0984508;0.0993718
0.608278;0.0972466;0.0990048
0.609426;0.0991793;0.0975711
0.610573;0.0983171;0.0992523
0.611719;0.0970366;0.0988444
0.612863;0.0989527;0.0973585
0.614007;0.098137;0.0990674
0.61515;0.096884;0.0986461
0.616292;0.0988524;0.097216
0.617433;0.0980825;0.0989877
0.618573;0.0968331;0.0985819
0.619712;0.0988049;0.0971553
0.62085;0.0980342;0.0989393
0.621987;0.0999952;0.098474
0.623123;0.0986553;0.100154
0.624258;0.0967405;0.0991076
0.625392;0.0982871;0.0970395
0.626525;0.0973574;0.0984235
0.627657;0.0993375;0.0978152
0.628788;0.0980569;0.0994637
0.629919;0.0995665;0.098486
0.631048;0.0979921;0.099699
0.632176;0.0993428;0.0984164
0.633303;0.097741;0.0995042
0.634429;0.0991091;0.0981641
0.635555;0.0975212;0.0992412
0.636679;0.0989244;0.097924
0.637802;0.0973921;0.0990725
0.638924;0.0988097;0.0977839
0.640046;0.0973084;0.0989662
0.641166;0.0987497;0.0977174
0.642286;0.0972176;0.0988805
0.643404;0.0986713;0.0976421
0.644521;0.0970979;0.0987784
0.645638;0.0985087;0.0974856
0.646753;0.0969798;0.0986561
0.647868;0.0984003;0.0973713
0.648982;0.0967835;0.0984679
0.650094;0.0981988;0.0971895
0.651206;0.0999917;0.0983059
0.652316;0.0980679;0.100264
0.653426;0.0986965;0.098472
0.654535;0.0999062;0.0987936
0.655643;0.0975987;0.100118
0.656749;0.0981401;0.0979938
0.657855;0.0993777;0.0982523
0.65896;0.097177;0.0995858
0.660064;0.0978666;0.097589
0.661167;0.099229;0.0980114
0.662269;0.0971097;0.0994842
0.66337;0.097802;0.0975283
0.66447;0.0990846;0.0979166
0.665569;0.0968794;0.0993103
0.666667;0.0974798;0.0972295
0.667764;0.0987819;0.0976047
0.668861;0.0966092;0.0990208
0.669956;0.0972643;0.096975
0.67105;0.0985885;0.0973846
0.672144;0.0998405;0.0988249
0.673236;0.0970543;0.100097
0.674328;0.0971678;0.0974593
0.675418;0.098123;0.0972836
0.676508;0.0992507;0.0983881
0.677596;0.0999168;0.0994987
0.678684;0.0967016;0.100201
0.679771;0.0966254;0.0971149
0.680857;0.0976194;0.0967818
0.681941;0.0987963;0.0978628
0.683025;0.0995603;0.0990844
0.684108;0.0998444;0.0998708
0.68519;0.0998079;0.10017
0.686271;0.0995556;0.100088
0.687351;0.0992803;0.0998349
0.688431;0.0990625;0.0995712
0.689509;0.0988908;0.0993251
0.690586;0.0988447;0.0992191
0.691662;0.0988211;0.0991526
0.692738;0.098845;0.0991597
0.693812;0.0988457;0.0991461
0.694886;0.0988361;0.0991498
0.695959;0.0988041;0.0991509
0.69703;0.0987724;0.0991403
0.698101;0.0986978;0.0990742
0.699171;0.0986111;0.0989974
0.70024;0.0985454;0.0989357
0.701308;0.0984602;0.098858
0.702375;0.0983683;0.0987685
0.703441;0.0982604;0.098657
0.704506;0.0981865;0.098577
0.70557;0.0981214;0.0985071
0.706634;0.0980061;0.0983776
0.707696;0.0979457;0.0982962
0.708758;0.0979031;0.0982505
0.709818;0.0978862;0.0982316
0.710878;0.0978339;0.0981997
0.711937;0.0977436;0.098158
0.712994;0.0976653;0.0980669
0.714051;0.0976264;0.0980154
0.715107;0.0975813;0.0979872
0.716162;0.0975235;0.0979382
0.717217;0.0974668;0.0978714
0.71827;0.0974771;0.0978837
0.719322;0.0975223;0.0979068
0.720374;0.0975736;0.097976
0.721424;0.0976074;0.0980596
0.722474;0.0976101;0.0981039
0.723523;0.097598;0.098108
0.72457;0.0975884;0.0981075
0.725617;0.097566;0.0981116
0.726663;0.0974823;0.0980467
0.727708;0.0973898;0.0979431
0.728753;0.097321;0.0978547
0.729796;0.0972734;0.0977932
0.730838;0.0972196;0.0977497
0.73188;0.0971681;0.0977066
0.732921;0.0971282;0.0976429
0.73396;0.0971011;0.0975919
0.734999;0.0970992;0.0975737
0.736037;0.0971252;0.097621
0.737074;0.0971335;0.0976689
0.73811;0.0971652;0.0976839
0.739146;0.0972075;0.0977041
0.74018;0.0972421;0.097759
0.741213;0.0972774;0.0978207
0.742246;0.0972449;0.0978341
0.743278;0.0972385;0.0978347
0.744309;0.0972029;0.0977926
0.745339;0.0971784;0.0977714
0.746368;0.0971405;0.0977317
0.747396;0.0970799;0.0976653
0.748423;0.09698;0.0975603
0.74945;0.0968753;0.0974544
0.750475;0.0968193;0.0973568
0.7515;0.0968061;0.0973048
0.752524;0.0967875;0.0973068
0.753547;0.0967272;0.0972477
0.754569;0.0966757;0.0971911
0.75559;0.0966371;0.0971308
0.756611;0.0965807;0.0970768
0.75763;0.0964988;0.0969973
0.758649;0.0964297;0.0969212
0.759666;0.0963252;0.0968232
0.760683;0.0999078;0.0967062
0.761699;0.0997502;0.100182
0.762715;0.0982496;0.100223
0.763729;0.0966893;0.0986423
0.764742;0.099363;0.097052
0.765755;0.0988688;0.0995929
0.766767;0.0973864;0.0992973
0.767778;0.0996573;0.0977519
0.768788;0.0987685;0.0998903
0.769797;0.097064;0.0991334
0.770805;0.0993432;0.0973966
0.771813;0.0985522;0.0995446
0.772819;0.0970077;0.0989597
0.773825;0.0993603;0.0973286
0.77483;0.0986283;0.0995444
0.775834;0.097059;0.0990029
0.776837;0.0994058;0.0973959
0.77784;0.0986574;0.09962
0.778841;0.0970791;0.0990403
0.779842;0.0993923;0.0974009
0.780842;0.0986019;0.0995785
0.781841;0.0969561;0.0989319
0.782839;0.0992775;0.097279
0.783836;0.0985036;0.0994629
0.784833;0.0968671;0.0988202
0.785829;0.0991749;0.0971666
0.786823;0.0984278;0.099373
0.787817;0.096818;0.0987648
0.788811;0.099166;0.0971284
0.789803;0.0984348;0.0993478
0.790795;0.0968557;0.0987789
0.791785;0.0991725;0.097158
0.792775;0.0983843;0.0993389
0.793764;0.096776;0.0987232
0.794753;0.0990927;0.0970765
0.79574;0.0983529;0.0992959
0.796727;0.0967683;0.098721
0.797713;0.0990712;0.0970482
0.798698;0.0983327;0.0992676
0.799682;0.0967462;0.098682
0.800665;0.09909;0.097042
0.801648;0.0983941;0.099303
0.802629;0.0967943;0.0987196
0.80361;0.0991478;0.0971192
0.804591;0.098377;0.0993501
0.80557;0.0967583;0.0987269
0.806548;0.0991098;0.097089
0.807526;0.0983992;0.0993446
0.808503;0.0967926;0.0987547
0.809479;0.0991622;0.0971438
0.810454;0.098475;0.0994361
0.811429;0.0968825;0.0988652
0.812403;0.099254;0.0972598
0.813375;0.0985213;0.0995186
0.814348;0.0969101;0.0989169
0.815319;0.099256;0.0972695
0.816289;0.0985373;0.0995306
0.817259;0.0969174;0.0989104
0.818228;0.0992831;0.0972798
0.819196;0.0985807;0.0995724
0.820163;0.0969708;0.0989755
0.82113;0.0993611;0.0973645
0.822096;0.0986362;0.0996304
0.823061;0.0970476;0.0990554
0.824025;0.0994516;0.0974632
0.824988;0.0987141;0.0997374
0.825951;0.0971042;0.099132
0.826913;0.0994861;0.0974865
0.827874;0.098795;0.0997887
0.828834;0.0971883;0.0992145
0.829794;0.0995318;0.097558
0.830752;0.098806;0.0998333
0.83171;0.0971962;0.0992477
0.832668;0.099559;0.0975976
0.833624;0.0988125;0.0998459
0.83458;0.0972385;0.09927
0.835535;0.0996392;0.0976537
0.836489;0.0988991;0.0999399
0.837442;0.0972645;0.0993188
0.838395;0.0995961;0.0976298
0.839346;0.0988327;0.0998778
0.840298;0.0971911;0.0992386
0.841248;0.0995512;0.0975697
0.842197;0.0987697;0.099797
0.843146;0.0971452;0.0991898
0.844094;0.0995127;0.0975131
0.845041;0.0987577;0.0997705
0.845988;0.0971387;0.0991699
0.846934;0.099513;0.0975154
0.847879;0.098745;0.0997832
0.848823;0.097142;0.0992068
0.849766;0.0995595;0.0975855
0.850709;0.0987449;0.099805
0.851651;0.0971125;0.0991672
0.852592;0.0994806;0.0974856
0.853533;0.0987001;0.0997324
0.854473;0.0970578;0.0990921
0.855412;0.0994214;0.0974178
0.85635;0.0986291;0.0996514
0.857287;0.0970011;0.0990406
0.858224;0.0993938;0.0973793
0.85916;0.0986794;0.0996955
0.860096;0.0970769;0.0991276
0.86103;0.0994715;0.09748
0.861964;0.0987092;0.0997761
0.862897;0.0970868;0.0991455
0.863829;0.0995662;0.0975314
0.864761;0.0988293;0.0998835
0.865692;0.0971427;0.0992504
0.866622;0.0994502;0.0975296
0.867551;0.0986285;0.0997418
0.86848;0.0969409;0.0990423
0.869408;0.099336;0.097344
0.870335;0.098579;0.0995768
0.871262;0.0969963;0.0989923
0.872188;0.099454;0.0974193
0.873113;0.098657;0.0996915
0.874037;0.0970239;0.0990743
0.874961;0.0994365;0.0974109
0.875884;0.0987364;0.0997241
0.876806;0.0971211;0.0991429
0.877728;0.0995154;0.0975088
0.878648;0.0987031;0.099765
0.879568;0.0970274;0.09914
0.880488;0.0993393;0.0974143
0.881406;0.0985375;0.0996141
0.882324;0.0969362;0.0989535
0.883242;0.0994193;0.0973376
0.884158;0.0987404;0.0997245
0.885074;0.0970819;0.0991397
0.885989;0.0994359;0.0974464
0.886903;0.0986992;0.0997249
0.887817;0.0970496;0.0990853
0.88873;0.0993974;0.0973726
0.889642;0.0985818;0.099592
0.890554;0.0969729;0.0989883
0.891465;0.0993473;0.097317
0.892375;0.0985671;0.0995884
0.893285;0.0969332;0.0989989
0.894194;0.0993207;0.0973422
0.895102;0.0985502;0.099602
0.896009;0.0969275;0.0989953
0.896916;0.0993348;0.0973197
0.897822;0.0985665;0.0995782
0.898727;0.0969748;0.0989973
0.899632;0.0993427;0.0973295
0.900536;0.0985672;0.0995896
0.901439;0.0969255;0.0989686
0.902342;0.0993163;0.0972939
0.903244;0.0985573;0.099555
0.904145;0.09697;0.0989834
0.905046;0.0993871;0.0973589
0.905946;0.0986379;0.099642
0.906845;0.0969909;0.0990353
0.907743;0.0993856;0.0973967
0.908641;0.0986009;0.0996491
0.909538;0.0969201;0.0990105
0.910435;0.099245;0.0973017
0.911331;0.0984765;0.0995391
0.912226;0.0967932;0.0988568
0.91312;0.099186;0.0971816
0.914014;0.0984339;0.0994373
0.914907;0.0968014;0.0988662
0.9158;0.0991953;0.0972394
0.916692;0.0984118;0.0994641
0.917583;0.0967242;0.0988099
0.918473;0.0990739;0.0970996
0.919363;0.0982835;0.0993198
0.920252;0.0966344;0.0986956
0.921141;0.0989724;0.0969912
0.922029;0.0982128;0.0992365
0.922916;0.0965961;0.0986197
0.923802;0.0989958;0.0969646
0.924688;0.098295;0.0992451
0.925573;0.0967395;0.0986967
0.926458;0.0991425;0.0971091
0.927342;0.0984148;0.0994285
0.928225;0.0967403;0.0988101
0.929108;0.0991125;0.0971465
0.92999;0.0983274;0.0993673
0.930871;0.0966809;0.0987297
0.931752;0.0990454;0.0970401
0.932632;0.0982885;0.09931
0.933511;0.0966251;0.0986683
0.93439;0.0989787;0.0969873
0.935268;0.0982118;0.0992269
0.936145;0.0965734;0.0985969
0.937022;0.098968;0.0969397
0.937898;0.0982145;0.0992043
0.938774;0.0965572;0.0985909
0.939649;0.0988923;0.0969043
0.940523;0.0980897;0.0991118
0.941396;0.0964625;0.0985103
0.942269;0.0987996;0.0968132
0.943142;0.0980098;0.0990308
0.944013;0.0963968;0.0984304
0.944884;0.0988023;0.0967855
0.945755;0.0981159;0.09907
0.946625;0.0965167;0.098492
0.947494;0.0988917;0.0968503
0.948362;0.0981431;0.0991267
0.94923;0.0964853;0.0985117
0.950098;0.0987925;0.0967931
0.950964;0.0980311;0.0990517
0.95183;0.0963378;0.098372
0.952696;0.0987008;0.096687
0.953561;0.0980054;0.0989624
0.954425;0.0963883;0.0983708
0.955288;0.0987415;0.0967464
0.956151;0.0979712;0.0989971
0.957013;0.0963024;0.0983495
0.957875;0.0986351;0.0966265
0.958736;0.0979077;0.0988618
0.959597;0.0962786;0.0982469
0.960457;0.0986431;0.0966036
0.961316;0.0978973;0.0988575
0.962174;0.0962735;0.0982554
0.963032;0.0986425;0.0965984
0.96389;0.0979016;0.0988531
0.964747;0.096277;0.0982611
0.965603;0.098629;0.0965992
0.966458;0.0978851;0.0988384
0.967313;0.0962818;0.0982349
0.968168;0.0986807;0.0966253
0.969022;0.0979249;0.0988867
0.969875;0.0962991;0.0983049
0.970727;0.098643;0.0966372
0.971579;0.0978726;0.098868
0.972431;0.099977;0.0982161
0.973281;0.0985384;0.100222
0.974132;0.0962389;0.0988595
0.974981;0.0981864;0.0965317
0.97583;0.0973586;0.0983763
0.976678;0.0996302;0.0977014
0.977526;0.0984333;0.0998738
0.978373;0.0963811;0.0987911
0.97922;0.0984658;0.0966907
0.980066;0.0976642;0.0987213
0.980911;0.0997812;0.0980095
0.981756;0.098373;0.100013
0.982601;0.099954;0.0987283
0.983444;0.0982522;0.100189
0.984287;0.0997463;0.0986303
0.98513;0.0980947;0.100028
0.985972;0.099627;0.0984565
0.986813;0.0980639;0.099896
0.987654;0.0996558;0.0983898
0.988494;0.0981452;0.0999489
0.989333;0.0997144;0.098479
0.990172;0.098148;0.0999774
0.991011;0.0997156;0.0984764
0.991849;0.0981822;0.0999996
0.992686;0.0997939;0.0985542
0.993523;0.0982191;0.100073
0.994359;0.0997639;0.0985617
0.995194;0.0981599;0.100003
0.996029;0.0997089;0.0984781
0.996864;0.0981533;0.099981
0.997697;0.0997213;0.0984959
0.998531;0.0981808;0.0999918
0.999363;0.099808;0.0985613
1.0002;0.0982625;0.100079
1.00103;0.0998016;0.0985832
1.00186;0.0982402;0.10008
1.00455;0.0997957;0.0985537
1.00745;0.0982666;0.100072
1.01035;0.0998672;0.0986334
1.01326;0.0983273;0.100164
1.01616;0.0999566;0.0987291
1.01852;0.0983972;0.100234
1.02142;0.0999706;0.0987377
1.02432;0.0983839;0.100227
1.02722;0.0999594;0.0987442
1.03012;0.0983828;0.100225
1.03302;0.0999524;0.0987344
1.03592;0.0983762;0.100193
1.03882;0.0999725;0.0987325
1.04172;0.0984621;0.100272
1.04462;0.0962848;0.0988142
1.04752;0.0984023;0.0966172
1.05042;0.0977707;0.0986752
1.05332;0.0963416;0.0981605
1.05622;0.0988045;0.0966551
1.05912;0.0982241;0.099085
1.06202;0.096647;0.0985635
1.06492;0.099015;0.096996
1.06782;0.0983107;0.0992567
1.07072;0.0966738;0.0986611
1.07362;0.0989641;0.0969763
1.07652;0.0982564;0.099218
1.07942;0.0966065;0.0986039
1.08232;0.0989548;0.0969682
1.08522;0.0982489;0.099215
1.08812;0.0966382;0.0986314
1.09102;0.0989727;0.0969885
1.09392;0.0982569;0.0992188
1.09682;0.0966393;0.0986308
1.09972;0.0990012;0.0970017
1.10262;0.0983174;0.0992755
1.10552;0.0966735;0.0986795
1.10842;0.0989916;0.0969997
1.11132;0.0983345;0.09924
1.11422;0.0967558;0.0986839
1.11712;0.0990981;0.097084
1.12002;0.0983832;0.0993172
1.12292;0.0967576;0.0987352
1.12582;0.0991199;0.0970966
1.12872;0.0984108;0.0993527
1.13162;0.0967509;0.0987524
1.13452;0.0990286;0.0970589
1.13742;0.0983344;0.0992706
1.14032;0.0967061;0.0986747
1.14322;0.0990115;0.0970011
1.14612;0.0983312;0.0992436
1.14902;0.0967215;0.0986852
1.15192;0.0990274;0.0970465
1.15482;0.0983123;0.0992659
1.15772;0.0967004;0.0986826
1.16062;0.0990205;0.0970078
1.16352;0.0983403;0.0992491
1.16642;0.0967438;0.098685
1.16932;0.0990994;0.0970701
1.17222;0.0984233;0.0993183
1.17512;0.0968207;0.0987665
1.17802;0.0991244;0.0971326
1.18092;0.0984189;0.0993481
1.18381;0.0967937;0.0987536
1.18671;0.0991161;0.0971104
1.18961;0.0983963;0.0993114
1.19251;0.0967733;0.0987313
1.19541;0.0990489;0.0970633
1.19831;0.0983353;0.0992565
1.20121;0.0966924;0.0986356
1.20411;0.0990199;0.0969973
1.20701;0.0983292;0.0992237
1.20991;0.0967109;0.0986586
1.21281;0.0990348;0.0970248
1.21571;0.0983469;0.0992426
1.21861;0.0968078;0.0987143
1.22151;0.0991446;0.0971111
1.22441;0.0984297;0.0993546
1.22731;0.0967707;0.0987597
1.23021;0.099026;0.0970621
1.23311;0.0982836;0.0992248
1.23601;0.0966841;0.0986115
1.23891;0.0990536;0.0969846
1.24181;0.0984067;0.0992462
1.24471;0.0968472;0.0987432
1.24761;0.0991601;0.097149
1.25051;0.0984054;0.0993483
1.25341;0.0967449;0.0987313
1.25631;0.0990089;0.0970372
1.25894;0.0983005;0.0992173
1.26172;0.0967188;0.0986255
1.26456;0.0990989;0.0970139
1.26746;0.0984688;0.0993092
1.27036;0.096896;0.0987879
1.27326;0.0992009;0.097196
1.27616;0.098442;0.0993924
1.27906;0.0967542;0.0987401
1.28196;0.0989935;0.0970134
1.28486;0.0983079;0.09919
1.28776;0.0967483;0.0986251
1.29066;0.099091;0.0970245
1.29356;0.0984506;0.099322
1.29646;0.0968639;0.0987671
1.29936;0.0991999;0.0971817
1.30226;0.0984367;0.0993591
1.30516;0.0967753;0.0987321
1.30806;0.0990435;0.0970509
1.31096;0.0983589;0.0992504
1.31386;0.0967689;0.0986543
1.31676;0.0990853;0.0970225
1.31966;0.0984041;0.0992557
1.32256;0.0968185;0.098713
1.32546;0.0991252;0.097098
1.32836;0.0983982;0.0992978
1.33126;0.0968167;0.098742
1.33416;0.0991458;0.0971202
1.33706;0.0984095;0.099285
1.33996;0.0968051;0.0986964
1.34286;0.0991451;0.0970871
1.34576;0.0984178;0.0992829
1.34866;0.0967909;0.0987021
1.35156;0.0990802;0.09705
1.35446;0.0983698;0.0992647
1.35736;0.0967378;0.0986506
1.36026;0.0990541;0.0970192
1.36316;0.0983499;0.0992038
1.36606;0.0967769;0.0986498
1.36896;0.0991064;0.0970434
1.37186;0.0983876;0.0992407
1.37476;0.0968015;0.0986904
1.37766;0.0991137;0.0970773
1.38056;0.0983636;0.0992635
1.38346;0.0967671;0.0986908
1.38636;0.0990423;0.0970199
1.38926;0.0983047;0.0991754
1.39216;0.0967005;0.0985779
1.39506;0.0989939;0.096919
1.39796;0.0983174;0.0991302
1.40086;0.0967467;0.0986001
1.40376;0.0990519;0.0969978
1.40666;0.0983361;0.0992155
1.40956;0.0967203;0.098625
1.41246;0.0989948;0.0969711
1.41536;0.0982554;0.0991245
1.41826;0.0966609;0.0985443
1.42116;0.0989725;0.0969019
1.42406;0.0982588;0.0991092
1.42696;0.0967033;0.0985585
1.42986;0.0989758;0.0969389
1.43276;0.0982848;0.0991442
1.43566;0.0966912;0.0985554
1.43856;0.098982;0.0969247
1.44146;0.0982853;0.0991335
1.44436;0.0967061;0.0985847
1.44726;0.0989995;0.0969639
1.45016;0.0982752;0.0991538
1.45306;0.0966708;0.0985785
1.45596;0.0989449;0.0969186
1.45886;0.0982313;0.099058
1.46176;0.0966498;0.0984921
1.46466;0.0989674;0.0969114
1.46756;0.0982524;0.0991077
1.47046;0.0966482;0.0985203
1.47336;0.0989425;0.0968921
1.47626;0.0982985;0.0991125
1.47916;0.0967218;0.0985878
1.48206;0.099022;0.0969829
1.48496;0.0983042;0.0991501
1.48786;0.0967419;0.0985984
1.49076;0.0990415;0.0969873
1.49366;0.0983363;0.0991791
1.49656;0.0967183;0.0986089
1.49946;0.0989859;0.096967
1.50236;0.0982809;0.0991322
1.50526;0.0966722;0.0985317
1.50816;0.0989354;0.0968817
1.51106;0.0982281;0.0990499
1.51396;0.0966516;0.0985026
1.51686;0.0989213;0.0968731
1.51976;0.0982081;0.099045
1.52266;0.096621;0.0984851
1.52556;0.098905;0.0968637
1.52846;0.0982067;0.0990379
1.53136;0.0966744;0.0985179
1.53426;0.0990067;0.0969731
1.53716;0.0982908;0.0991533
1.54006;0.096661;0.0985536
1.54296;0.0989159;0.096896
1.54586;0.0982238;0.0990615
1.54876;0.0966359;0.0984905
1.55166;0.0989182;0.0968804
1.55456;0.0981992;0.099036
1.55746;0.0965888;0.0984638
1.56036;0.0988382;0.0968175
1.56326;0.0981324;0.0989567
1.56616;0.0965321;0.0983994
1.56906;0.0987618;0.0967299
1.57196;0.0980525;0.0988847
1.57486;0.0964686;0.0983012
1.57776;0.0987749;0.0966685
1.58066;0.0981157;0.0988838
1.58356;0.0965412;0.0983864
1.58646;0.0987801;0.0967491
1.58936;0.0980711;0.098904
1.59226;0.0964605;0.0983147
1.59516;0.0987223;0.0966794
1.59806;0.0980398;0.0988477
1.60096;0.0964741;0.0983467
1.60386;0.0987052;0.0966923
1.60676;0.0980119;0.0988636
1.60966;0.0963933;0.0982726
1.61256;0.0986451;0.0966104
1.61546;0.0979687;0.0987637
1.61836;0.0964012;0.0982333
1.62126;0.0986786;0.0966306
1.62416;0.0980109;0.0988106
1.62706;0.0964222;0.0982697
1.62996;0.0987204;0.0966923
1.63286;0.0980066;0.09884
1.63576;0.0964041;0.0982806
1.63866;0.0986743;0.0966646
1.64156;0.09795;0.0987843
1.64446;0.0963316;0.0982115
1.64736;0.0985682;0.0965551
1.65026;0.0979025;0.0987135
1.65316;0.0963221;0.0981698
1.65606;0.0985702;0.0965297
1.65896;0.0979044;0.0986981
1.66186;0.0963202;0.0981597
1.66476;0.0985896;0.0965584
1.66766;0.0979303;0.0987449
1.67056;0.096328;0.0981914
1.67346;0.0985919;0.096567
1.67636;0.0979149;0.0987273
1.67926;0.0962956;0.0981632
1.68216;0.0985664;0.0965433
1.68506;0.0979169;0.0987201
1.68796;0.096324;0.098162
1.69086;0.0985943;0.0965385
1.69376;0.0979473;0.0987381
1.69666;0.096363;0.0982078
1.69956;0.0986169;0.0965928
1.70246;0.0979383;0.0987806
1.70536;0.0963078;0.0982021
1.70826;0.0985365;0.0965258
1.71116;0.0978264;0.0986494
1.71406;0.0999726;0.0980714
1.71696;0.0986096;0.100094
1.71986;0.0963426;0.0988973
1.72276;0.0981741;0.0965896
1.72566;0.0974069;0.0983402
1.72856;0.0996686;0.0976778
1.73146;0.0985179;0.0998396
1.73436;0.0963535;0.0987786
1.73726;0.0982601;0.0966054
1.74016;0.09746;0.0983801
1.74306;0.0996441;0.0977102
1.74596;0.0983999;0.0997944
1.74886;0.0999456;0.0986669
1.75176;0.0982248;0.100082
1.75466;0.0996145;0.0984814
1.75756;0.0979462;0.099766
1.76046;0.0994273;0.0981913
1.76336;0.0978663;0.0995521
1.76626;0.0994459;0.098135
1.76916;0.0979063;0.0995672
1.77206;0.0994702;0.0981885
1.77496;0.0978951;0.0996009
1.77786;0.0994465;0.0981635
1.78076;0.097907;0.0995911
1.78366;0.0994475;0.0981744
1.78656;0.0978442;0.0995683
1.78946;0.0993663;0.0981041
1.79236;0.0977813;0.0995012
1.79526;0.099294;0.0980361
1.79816;0.0977544;0.0994538
1.80106;0.0992854;0.098
1.80396;0.0977483;0.0994283
1.80686;0.0993131;0.0980084
1.80976;0.097749;0.0994584
1.81266;0.0992189;0.0979608
1.81556;0.0976475;0.0993718
1.81846;0.0991229;0.0978576
1.82136;0.0975732;0.0992873
1.82426;0.0991369;0.0978458
1.82716;0.0976075;0.0992885
1.83006;0.0991786;0.0978655
1.83296;0.0976315;0.0993238
1.83586;0.0991722;0.097895
1.83876;0.0975851;0.0993101
1.84166;0.0990766;0.0978137
1.84456;0.0975088;0.0992272
1.84746;0.0990536;0.0977465
1.85036;0.0974823;0.0991518
1.85326;0.0990505;0.0977359
1.85616;0.0974789;0.099182
1.85906;0.099049;0.0977641
1.86196;0.0974463;0.0991661
1.86486;0.0989922;0.097715
1.86776;0.0974042;0.0991156
1.87066;0.0989289;0.097632
1.87356;0.0973869;0.0990708
1.87646;0.0989408;0.0976185
1.87936;0.097349;0.099068
1.88226;0.0988487;0.0975937
1.88516;0.0972327;0.0989656
1.88806;0.0987645;0.0974724
1.89096;0.0972087;0.0989028
1.89386;0.098737;0.0974343
1.89676;0.0971706;0.0988695
1.89966;0.0986845;0.0973966
1.90256;0.0970942;0.0988044
1.90546;0.0986196;0.097325
1.90836;0.0970612;0.098763
1.91126;0.098626;0.0973119
1.91416;0.0970553;0.0987609
1.91706;0.0985905;0.0972971
1.91996;0.0970181;0.0987308
1.92286;0.0985665;0.0972567
1.92576;0.0969924;0.0987012
1.92866;0.0985249;0.097222
1.93156;0.0969604;0.0986704
1.93446;0.0984856;0.0971963
1.93736;0.0968855;0.0986008
1.94026;0.0984267;0.0971239
1.94316;0.0968645;0.0985652
1.94606;0.0984264;0.0970999
1.94896;0.0968803;0.0985658
1.95186;0.0984396;0.0971155
1.95476;0.0968731;0.0985766
1.95766;0.0984139;0.0971012
1.96056;0.0968635;0.0985484
1.96346;0.0983859;0.0970703
1.96636;0.0968134;0.0985316
1.96926;0.0983397;0.0970526
1.97216;0.0967315;0.0984549
1.97506;0.0982781;0.0969593
1.97796;0.0967264;0.0984172
1.98086;0.0982451;0.0969436
1.98376;0.0966505;0.0983695
1.98666;0.0981696;0.0968645
1.98956;0.096609;0.0983035
1.99246;0.0981469;0.0968137
1.99536;0.0966142;0.0982944
1.99826;0.0981647;0.0968364
2.00116;0.0965999;0.0982894
2.00406;0.0981464;0.0968299
2.00696;0.096572;0.0982832
2.00986;0.0980821;0.096791
2.01276;0.0965044;0.0982273
2.01566;0.0980027;0.0967041
2.01856;0.0964328;0.0981396
2.02146;0.0979735;0.096652
2.02436;0.096433;0.098119
2.02726;0.0980085;0.0966567
2.03016;0.0965083;0.098155
2.03306;0.0980369;0.0967149
2.03596;0.0964694;0.0981922
2.03886;0.0979553;0.0966759
2.04176;0.0963525;0.0980926
2.04466;0.0978422;0.0965462
2.04756;0.0962843;0.0979838
2.05046;0.0978298;0.096483
2.05336;0.0962801;0.0979349
2.05626;0.0978633;0.0964969
2.05916;0.0963054;0.0979682
2.06206;0.0978645;0.0965138
2.06496;0.0963021;0.0979673
2.06786;0.0978535;0.0965068
2.07076;0.0962871;0.0979673
2.07366;0.0978541;0.0964969
2.07656;0.0963001;0.0979716
2.07946;0.097843;0.0964944
2.08236;0.0962605;0.0979271
2.08526;0.097824;0.0964813
2.08816;0.0962406;0.0979221
2.09106;0.0977919;0.0964471
2.09396;0.0962138;0.0978776
2.09686;0.097754;0.096405
2.09976;0.096167;0.097828
2.10266;0.0977345;0.0963847
2.10556;0.0961534;0.0978352
2.10846;0.0976947;0.0963605
2.11136;0.0999914;0.0977929
2.11426;0.0977742;0.100113
2.11716;0.0982307;0.0979661
2.12006;0.0997074;0.0983249
2.12296;0.0972296;0.0998163
2.12586;0.09778;0.0973952
2.12876;0.0994876;0.0978508
